id,tweet,coordinates
2306,It's in NYC so....#WinNYCFC https://t.co/0hiVn6bk8i,"Polygon((-74.026675 40.683935, -73.910408 40.683935, -73.910408 40.877483, -74.026675 40.877483, -74.026675 40.683935))"
3972,First NYC Derby this weekend on Sunday come on you blues #WINNYCFC #CTID,"Polygon((-0.259465 51.417277, -0.127974 51.417277, -0.127974 51.486036, -0.259465 51.486036, -0.259465 51.417277))"
4361,I think I may need to have a sit-down with @Pirlo_official to discuss #WINNYCFC @BrownBagSC Just two Andrea's getting together.,"Polygon((-73.962582 40.541722, -73.699793 40.541722, -73.699793 40.8000371, -73.962582 40.8000371, -73.962582 40.541722))"
4247,cant wait for the #NYCFC  hudson derby!!!  #WINNYCFC,"Polygon((-74.026675 40.683935, -73.910408 40.683935, -73.910408 40.877483, -74.026675 40.877483, -74.026675 40.683935))"
2191,@NewYorkRedBulls @MLS @EmpireStateBldg red or blue ? anyway Is New York #WINRBNY #WINNYCFC,"Polygon((-66.3379563 18.0581348, -66.307562 18.0581348, -66.307562 18.087838, -66.3379563 18.087838, -66.3379563 18.0581348))"
2434,Better recognize!  #NYCFC #WinNYCFC https://t.co/Nh1Lcd0js7,"Polygon((-73.962582 40.541722, -73.699793 40.541722, -73.699793 40.8000371, -73.962582 40.8000371, -73.962582 40.541722))"
2830,"Still calling Atlanta United ""ATLiens FC"" #WINNYCFC","Polygon((-73.78995 40.982445, -73.719524 40.982445, -73.719524 41.069964, -73.78995 41.069964, -73.78995 40.982445))"
1295,The beloved @NYCFC is here @KSFilmFest as well...oh and yes with some team from Jersey #WINNYCFC,"Polygon((-74.026675 40.683935, -73.910408 40.683935, -73.910408 40.877483, -74.026675 40.877483, -74.026675 40.683935))"
4755,He's gonna help us #WINNYCFC too https://t.co/OJWWmFUir7,"Polygon((-74.026675 40.683935, -73.910408 40.683935, -73.910408 40.877483, -74.026675 40.877483, -74.026675 40.683935))"
1687,Just for kicks...#WINNYCFC,"Polygon((-73.933612 40.785365, -73.765271 40.785365, -73.765271 40.91533, -73.933612 40.91533, -73.933612 40.785365))"
3353,"So, @TheAndresSoto, what are YOU up to? üòè #WINNYCFC","Polygon((-74.026675 40.683935, -73.910408 40.683935, -73.910408 40.877483, -74.026675 40.877483, -74.026675 40.683935))"
3738,@sonix3nycfc very true #WinNYCFC,"Polygon((-74.026675 40.683935, -73.910408 40.683935, -73.910408 40.877483, -74.026675 40.877483, -74.026675 40.683935))"
1693,@khiryshelton14 is a #SupportiveTeammate @MixDiskerud #MixLid @u90soccer #NYCFC #WINNYCFC  https://t.co/YNkWjQEPpD,"Polygon((-73.962582 40.541722, -73.699793 40.541722, -73.699793 40.8000371, -73.962582 40.8000371, -73.962582 40.541722))"
1182,"The Clash this Sunday June 28, 2015. #NYCFC vs #NYRB #WinNYCFC #MLS #Futbol @ Amtrak - Boston To New‚Ä¶ https://t.co/XapNMcXZLh","Polygon((-71.191505 42.227797, -70.986004 42.227797, -70.986004 42.399542, -71.191505 42.399542, -71.191505 42.227797))"
543,@Leftoutside15 going to leave this here #WINNYCFC http://t.co/lDNanB28sn,"Polygon((-73.526142 40.640135, -73.493782 40.640135, -73.493782 40.693835, -73.526142 40.693835, -73.526142 40.640135))"
1058,Harlem üôåüèΩ #WinNYCFC http://t.co/L9gVN7BkIA,"Polygon((-74.026675 40.683935, -73.910408 40.683935, -73.910408 40.877483, -74.026675 40.877483, -74.026675 40.683935))"
2083,"Let's get Yankee Stadium rocking on Sunday at 5pm #WINNYCFC #NYCFC 
Tickets available at #NellySpillanes on Friday during all live Soccer.","Polygon((-74.041878 40.570842, -73.855673 40.570842, -73.855673 40.739434, -74.041878 40.739434, -74.041878 40.570842))"
552,"Just got a ""congrats"" message from Twitter saying that I have over 100 followers. Never thought I'd ever get there. A bit stunned. #WINNYCFC","Polygon((-74.041878 40.570842, -73.855673 40.570842, -73.855673 40.739434, -74.041878 40.739434, -74.041878 40.570842))"
2474,I need you to #WinNYCFC,"Polygon((-73.933612 40.785365, -73.765271 40.785365, -73.765271 40.91533, -73.933612 40.91533, -73.933612 40.785365))"
2098,"@6thBoroughBlues You made my day with that link! My uncle's planning to head back there for holiday, I need to go with him! #WINNYCFC","Polygon((-74.041878 40.570842, -73.855673 40.570842, -73.855673 40.739434, -74.041878 40.739434, -74.041878 40.570842))"
1072,Leaving class early because I'd rather eat glass than sit here a minute longer. #bye #WINNYCFC,"Polygon((-74.026675 40.683935, -73.910408 40.683935, -73.910408 40.877483, -74.026675 40.877483, -74.026675 40.683935))"
2097,[insert appropriate text here] #WinNYCFC,"Polygon((-74.026675 40.683935, -73.910408 40.683935, -73.910408 40.877483, -74.026675 40.877483, -74.026675 40.683935))"
1586,"Another day, another class. This time it's practice lab. Why am I getting a masters degreeeeeee üò© #WINNYCFC","Polygon((-74.026675 40.683935, -73.910408 40.683935, -73.910408 40.877483, -74.026675 40.877483, -74.026675 40.683935))"
3382,THERE WAS A SHEIK HE HAD A MAN AND PIRLO WAS HIS NAME-O #WINNYCFC,"Polygon((-73.78995 40.982445, -73.719524 40.982445, -73.719524 41.069964, -73.78995 41.069964, -73.78995 40.982445))"
569,@Leftoutside15 reports as spam bc we know who is going to win #WINNYCFC,"Polygon((-73.526142 40.640135, -73.493782 40.640135, -73.493782 40.693835, -73.526142 40.693835, -73.526142 40.640135))"
4377,Can it be aunday already??? #WINNYCFC,"Polygon((-74.041878 40.570842, -73.855673 40.570842, -73.855673 40.739434, -74.041878 40.739434, -74.041878 40.570842))"
2493,@Guaje7Villa speaking like a gent! This is why we will #WINNYCFC  https://t.co/1jLrtyW7Vv,"Polygon((-74.026675 40.683935, -73.910408 40.683935, -73.910408 40.877483, -74.026675 40.877483, -74.026675 40.683935))"
2241,#WINRSLEAST! I mean #WINNYCFC...,"Polygon((-111.854135 41.812641, -111.803413 41.812641, -111.803413 41.853024, -111.854135 41.853024, -111.854135 41.812641))"
72,So good to be home. My TIFO injuries are healing and I STILL HAVE PAINT ON MEEEEEE! #WINNYCFC http://t.co/2Qj4pCYPQX,"Polygon((-73.962582 40.541722, -73.699793 40.541722, -73.699793 40.8000371, -73.962582 40.8000371, -73.962582 40.541722))"
4297,"Want 2 tickets for #NYCFC v #RBNY this Sunday? Tweet us why you should win! Use #NYCFC &amp; #WinNYCFC
@BlueLadiesNYCFC @BrownBagSC @ThirdRailSC","Polygon((-74.041878 40.570842, -73.855673 40.570842, -73.855673 40.739434, -74.041878 40.739434, -74.041878 40.570842))"
3378,"*clap* I-R-L-O
*clap* I-R-L-O
*clap* I-R-L-O
AND PIRLO WAS HIS NAME-O #WINNYCFC","Polygon((-73.78995 40.982445, -73.719524 40.982445, -73.719524 41.069964, -73.78995 41.069964, -73.78995 40.982445))"
1612,When the Mets win everyone wins ! #WINNYCFC,"Polygon((-74.026675 40.683935, -73.910408 40.683935, -73.910408 40.877483, -74.026675 40.877483, -74.026675 40.683935))"
3917,Need more #WINNYCFC  on my TL,"Polygon((-74.041878 40.570842, -73.855673 40.570842, -73.855673 40.739434, -74.041878 40.739434, -74.041878 40.570842))"
2254,"@NYCFC @ThirdRailSC @NewYorkRedBulls Only one team plays in New York, #WINNYCFC http://t.co/j8h3hwQ10g","Polygon((-73.204315 41.255518, -73.066037 41.255518, -73.066037 41.376652, -73.204315 41.376652, -73.204315 41.255518))"
3213,When people  ask me what I'm doing this weekend.... #HudsonRiverDerby #NYCFC #WINNYCFC http://t.co/03Wa0swhLG,"Polygon((-74.041878 40.570842, -73.855673 40.570842, -73.855673 40.739434, -74.041878 40.739434, -74.041878 40.570842))"
592,@Leftoutside15 I'll also be there #WINNYCFC,"Polygon((-73.526142 40.640135, -73.493782 40.640135, -73.493782 40.693835, -73.526142 40.693835, -73.526142 40.640135))"
81,Even the legend is wearing it !!!!! #NYCFC #nycfcforums #WINNYCFC #ryansdnycfc #brownbagsc @MixDiskerud #BlueLadies http://t.co/VFb3Rje1Ug,"Polygon((-74.026675 40.683935, -73.910408 40.683935, -73.910408 40.877483, -74.026675 40.877483, -74.026675 40.683935))"
3924,No Pirlo today it seems. #WINNYCFC,"Polygon((-74.026675 40.683935, -73.910408 40.683935, -73.910408 40.877483, -74.026675 40.877483, -74.026675 40.683935))"
1238,Some @NYCosmos intern tried to give me a flyer for a game.  #WINNYCFC http://t.co/Hp8vb0Wwrm,"Polygon((-74.026675 40.683935, -73.910408 40.683935, -73.910408 40.877483, -74.026675 40.877483, -74.026675 40.683935))"
1371,@ThirdRailSC so when is the official announcement? Tomorrow? Pirlo to #WINNYCFC,"Polygon((-74.041878 40.570842, -73.855673 40.570842, -73.855673 40.739434, -74.041878 40.739434, -74.041878 40.570842))"
1116,@VikingArmy_SC what time will you guys be changing the bulbs on the ESB to blue Saturday night?  #WINNYCFC,"Polygon((-73.231374 40.75728, -73.156218 40.75728, -73.156218 40.805742, -73.231374 40.805742, -73.231374 40.75728))"
95,Just completed an awesome episode with @opengoalny Awesome time and I'll respect them by not using #WinNYCFC ;-),"Polygon((-74.026675 40.683935, -73.910408 40.683935, -73.910408 40.877483, -74.026675 40.877483, -74.026675 40.683935))"
3400,THEEEEEERE WAS A SHEIK HE HAD A MAN AND PIRLO WAS HIS NAME-O #WINNYCFC,"Polygon((-73.78995 40.982445, -73.719524 40.982445, -73.719524 41.069964, -73.78995 41.069964, -73.78995 40.982445))"
2273,@sonix3nycfc this is certainly the longest chain of tweets I've ever had. #WinNYCFC Is this the norm?,"Polygon((-74.026675 40.683935, -73.910408 40.683935, -73.910408 40.877483, -74.026675 40.877483, -74.026675 40.683935))"
740,"#just3guyswhoarehavingagoodtime #winnycfc (@ Upper 90 Soccer Store in Brooklyn, NY) https://t.co/m8ehGjjSrJ http://t.co/80CXjKXY9n","Polygon((-74.041878 40.570842, -73.855673 40.570842, -73.855673 40.739434, -74.041878 40.739434, -74.041878 40.570842))"
721,Thanks!  Looking forward to it! #WinNYCFC  https://t.co/PBPQlXtZhv,"Polygon((-74.026675 40.683935, -73.910408 40.683935, -73.910408 40.877483, -74.026675 40.877483, -74.026675 40.683935))"
4712,Haha I won't bother him. Let's go NYC! #WINNYCFC,"Polygon((-74.026675 40.683935, -73.910408 40.683935, -73.910408 40.877483, -74.026675 40.877483, -74.026675 40.683935))"
1641,@NYCFCWatch Strange it wasn't considered in the first place. Probably the Gerrard factor stepped it up a notch. #WINNYCFC,"Polygon((-74.041878 40.570842, -73.855673 40.570842, -73.855673 40.739434, -74.041878 40.739434, -74.041878 40.570842))"
2154,"@6thBoroughBlues Right on! That's where my mum's from, Antigua! Represent! #WINNYCFC","Polygon((-74.041878 40.570842, -73.855673 40.570842, -73.855673 40.739434, -74.041878 40.739434, -74.041878 40.570842))"
4711,Shout out to @NYCFC #WINNYCFC,"Polygon((-2.319934 53.343623, -2.147026 53.343623, -2.147026 53.5702824, -2.319934 53.5702824, -2.319934 53.343623))"
1133,"Well, first time for everything. cc: @BrownBagSC #WINNYCFC http://t.co/p5kJ7i8hUL","Polygon((-74.026675 40.683935, -73.910408 40.683935, -73.910408 40.877483, -74.026675 40.877483, -74.026675 40.683935))"
1134,"@Haranghy @Yankees @MCFC Yeah, I noticed that when it happened, greatly appreciated! #WINNYCFC","Polygon((-74.041878 40.570842, -73.855673 40.570842, -73.855673 40.739434, -74.041878 40.739434, -74.041878 40.570842))"
1064,@12NYC That's a good looking @MixDiskerud #WinNYCFC  https://t.co/lQGszaXUHw,"Polygon((-74.026675 40.683935, -73.910408 40.683935, -73.910408 40.877483, -74.026675 40.877483, -74.026675 40.683935))"
1138,Praying for towns to go to the lakers.... let me throw this in there #WINNYCFC,"Polygon((-73.933612 40.785365, -73.765271 40.785365, -73.765271 40.91533, -73.933612 40.91533, -73.933612 40.785365))"
3469,Seems that some Austrians didn't care for Red Bull. Second paragraph: #WINNYCFC http://t.co/1sfMNuOCzE,"Polygon((-74.041878 40.570842, -73.855673 40.570842, -73.855673 40.739434, -74.041878 40.739434, -74.041878 40.570842))"
3836,@NYCFCWatch #WINNYCFC  NY is Sky Blue,"Polygon((-73.117153 41.171997, -72.990337 41.171997, -72.990337 41.276059, -73.117153 41.276059, -73.117153 41.171997))"
3325,@pinkk_teacup @sonix3nycfc  no doubt you ladies can handle yourselves but if it ever comes down to it #WINNYCFC üëäüê¶ http://t.co/XlvQ98c3NR,"Polygon((-74.041878 40.570842, -73.855673 40.570842, -73.855673 40.739434, -74.041878 40.739434, -74.041878 40.570842))"
254,@EmilianoNo28 @MixDiskerud MIX MIX MIX. #WINNYCFC CANT WAIT 4 SUNDAY ##ryansdnycfc #nycfcforums #brownbagsc #nycfc #NYCFCfamily #BlueLadies,"Polygon((-74.026675 40.683935, -73.910408 40.683935, -73.910408 40.877483, -74.026675 40.877483, -74.026675 40.683935))"
1279,This could be us...but you think New York football is red #WINNYCFC üíô‚öΩÔ∏èüò©üò© #bachelorbird  https://t.co/azlt3P4sDN,"Polygon((-74.026675 40.683935, -73.910408 40.683935, -73.910408 40.877483, -74.026675 40.877483, -74.026675 40.683935))"
